{
 "fresh": {
  "ev": [
   0.6,
   0.654,
   0.632,
   0.59,
   0.582,
   0.594,
   0.5640000000000001,
   0.626,
   0.6,
   0.654,
   0.632,
   0.59,
   0.582,
   0.594,
   0.5640000000000001,
   0.626,
   0.6,
   0.654,
   0.632,
   0.59,
   0.582,
   0.594,
   0.5640000000000001,
   0.626
  ],
  "hyp": [
   2,
   2,
   2,
   2,
   2,
   2,
   2,
   2,
   2,
   2,
   2,
   2,
   2,
   2,
   2,
   2,
   2,
   2,
   2,
   2,
   2,
   2,
   2,
   2
  ],
  "sims": [
   32,
   64,
   96,
   128,
   160,
   192,
   224,
   256,
   288,
   320,
   352,
   384,
   416,
   448,
   480,
   512,
   544,
   576,
   608,
   640,
   672,
   704,
   736,
   768
  ],
  "cached": [
   0,
   0,
   0,
   0,
   0,
   0,
   0,
   0,
   0,
   0,
   0,
   0,
   0,
   0,
   0,
   0,
   0,
   0,
   0,
   0,
   0,
   0,
   0,
   0
  ]
 },
 "persistent": {
  "ev": [
   0.6,
   0.654,
   0.632,
   0.59,
   0.582,
   0.594,
   0.5640000000000001,
   0.626,
   0.6,
   0.654,
   0.632,
   0.59,
   0.582,
   0.594,
   0.5640000000000001,
   0.626,
   0.6,
   0.654,
   0.632,
   0.59,
   0.582,
   0.594,
   0.5640000000000001,
   0.626
  ],
  "hyp": [
   2,
   2,
   2,
   2,
   2,
   2,
   2,
   2,
   2,
   2,
   2,
   2,
   2,
   2,
   2,
   2,
   1,
   1,
   1,
   1,
   1,
   1,
   1,
   1
  ],
  "sims": [
   32,
   64,
   96,
   128,
   160,
   192,
   224,
   256,
   256,
   256,
   256,
   256,
   256,
   256,
   256,
   256,
   272,
   288,
   304,
   320,
   336,
   352,
   368,
   384
  ],
  "cached": [
   0,
   0,
   0,
   0,
   0,
   0,
   0,
   0,
   1,
   1,
   1,
   1,
   1,
   1,
   1,
   1,
   0,
   0,
   0,
   0,
   0,
   0,
   0,
   0
  ]
 }
}