{
 "ev": {
  "fresh": [
   0.48,
   0.528,
   0.512,
   0.44599999999999995,
   0.46599999999999997,
   0.49,
   0.43600000000000005,
   0.514,
   0.48,
   0.528,
   0.512,
   0.44599999999999995,
   0.46599999999999997,
   0.49,
   0.43600000000000005,
   0.514,
   0.48,
   0.528,
   0.512,
   0.44599999999999995,
   0.46599999999999997,
   0.49,
   0.43600000000000005,
   0.514
  ],
  "persistent": [
   0.48,
   0.654,
   0.632,
   0.59,
   0.582,
   0.594,
   0.5640000000000001,
   0.626,
   0.6,
   0.654,
   0.632,
   0.59,
   0.582,
   0.594,
   0.5640000000000001,
   0.626,
   0.6,
   0.654,
   0.632,
   0.59,
   0.582,
   0.594,
   0.5640000000000001,
   0.626
  ]
 },
 "resolved_at": 1,
 "opt": 0.60525
}