{
 "ev": [
  1.0,
  1.0,
  1.0,
  1.0,
  1.0,
  1.0,
  1.0,
  1.0,
  1.0,
  1.0,
  1.0,
  1.0,
  1.0,
  1.0,
  1.0,
  1.0,
  1.0,
  1.0,
  1.0,
  1.0,
  1.0,
  1.0,
  1.0,
  1.0,
  1.0,
  1.0,
  1.0,
  1.0,
  1.0,
  1.0,
  0.9724137931034482,
  0.9690402476780186,
  0.9615384615384615,
  0.9478260869565218,
  0.9461077844311379,
  0.9800664451827242,
  0.9540983606557376,
  0.9369085173501577,
  0.9724137931034482,
  0.9690402476780186,
  0.9615384615384615,
  0.9478260869565218,
  0.9461077844311379,
  0.9800664451827242,
  0.9540983606557376,
  0.9369085173501577,
  0.9724137931034482,
  0.9690402476780186,
  1.0,
  1.0,
  1.0,
  1.0,
  1.0,
  1.0,
  1.0,
  1.0,
  1.0,
  1.0,
  1.0,
  1.0
 ],
 "ev_fresh": [
  1.0,
  1.0,
  1.0,
  1.0,
  1.0,
  1.0,
  1.0,
  1.0,
  1.0,
  1.0,
  1.0,
  1.0,
  1.0,
  1.0,
  1.0,
  1.0,
  1.0,
  1.0,
  1.0,
  1.0,
  1.0,
  1.0,
  1.0,
  1.0,
  1.0,
  1.0,
  1.0,
  1.0,
  1.0,
  1.0,
  0.9724137931034482,
  0.9690402476780186,
  0.9615384615384615,
  0.9478260869565218,
  0.9461077844311379,
  0.9800664451827242,
  0.9540983606557376,
  0.9369085173501577,
  0.9724137931034482,
  0.9690402476780186,
  0.9615384615384615,
  0.9478260869565218,
  0.9461077844311379,
  0.9800664451827242,
  0.9540983606557376,
  0.9369085173501577,
  0.9724137931034482,
  0.9690402476780186,
  0.9615384615384615,
  0.9478260869565218,
  0.9461077844311379,
  0.9800664451827242,
  0.9540983606557376,
  0.9369085173501577,
  0.9724137931034482,
  0.9690402476780186,
  0.9615384615384615,
  0.9478260869565218,
  0.9461077844311379,
  0.9800664451827242
 ],
 "ev_oracle": [
  1.0,
  1.0,
  1.0,
  1.0,
  1.0,
  1.0,
  1.0,
  1.0,
  1.0,
  1.0,
  1.0,
  1.0,
  1.0,
  1.0,
  1.0,
  1.0,
  1.0,
  1.0,
  1.0,
  1.0,
  1.0,
  1.0,
  1.0,
  1.0,
  1.0,
  1.0,
  1.0,
  1.0,
  1.0,
  1.0,
  1.0,
  1.0,
  1.0,
  1.0,
  1.0,
  1.0,
  1.0,
  1.0,
  1.0,
  1.0,
  1.0,
  1.0,
  1.0,
  1.0,
  1.0,
  1.0,
  1.0,
  1.0,
  1.0,
  1.0,
  1.0,
  1.0,
  1.0,
  1.0,
  1.0,
  1.0,
  1.0,
  1.0,
  1.0,
  1.0
 ],
 "hyp": [
  2,
  2,
  2,
  2,
  2,
  2,
  2,
  2,
  2,
  2,
  2,
  2,
  2,
  2,
  2,
  2,
  1,
  1,
  1,
  1,
  1,
  1,
  1,
  1,
  1,
  1,
  1,
  1,
  1,
  1,
  1,
  1,
  1,
  1,
  1,
  1,
  1,
  1,
  1,
  1,
  1,
  1,
  1,
  1,
  1,
  1,
  1,
  1,
  1,
  1,
  1,
  1,
  1,
  1,
  1,
  1,
  1,
  1,
  1,
  1
 ],
 "records": [
  3,
  4,
  5,
  6,
  7,
  8,
  9,
  10,
  11,
  12,
  13,
  14,
  15,
  16,
  17,
  18,
  19,
  20,
  21,
  22,
  23,
  24,
  25,
  26,
  27,
  28,
  29,
  30,
  31,
  32,
  33,
  34,
  35,
  36,
  37,
  38,
  39,
  40,
  41,
  42,
  43,
  44,
  45,
  46,
  47,
  48,
  49,
  50,
  32,
  33,
  34,
  35,
  36,
  37,
  38,
  39,
  40,
  41,
  42,
  43
 ],
 "branches": [
  1,
  2,
  3,
  4,
  5,
  6,
  7,
  8,
  8,
  8,
  8,
  8,
  8,
  8,
  8,
  8,
  9,
  10,
  11,
  12,
  13,
  14,
  15,
  16,
  16,
  16,
  16,
  16,
  16,
  16,
  16,
  16,
  16,
  16,
  16,
  16,
  16,
  16,
  16,
  16,
  16,
  16,
  16,
  16,
  16,
  16,
  16,
  16,
  17,
  18,
  19,
  20,
  21,
  22,
  23,
  24,
  24,
  24,
  24,
  24
 ],
 "cache_hit": [
  0,
  0,
  0,
  0,
  0,
  0,
  0,
  0,
  1,
  1,
  1,
  1,
  1,
  1,
  1,
  1,
  0,
  0,
  0,
  0,
  0,
  0,
  0,
  0,
  1,
  1,
  1,
  1,
  1,
  1,
  1,
  1,
  1,
  1,
  1,
  1,
  1,
  1,
  1,
  1,
  1,
  1,
  1,
  1,
  1,
  1,
  1,
  1,
  0,
  0,
  0,
  0,
  0,
  0,
  0,
  0,
  1,
  1,
  1,
  1
 ],
 "window_drops": [
  0,
  0,
  0,
  0,
  0,
  0,
  0,
  0,
  0,
  0,
  0,
  0,
  0,
  0,
  0,
  0,
  0,
  0,
  0,
  0,
  0,
  0,
  0,
  0,
  0,
  0,
  0,
  0,
  0,
  0,
  0,
  0,
  0,
  0,
  0,
  0,
  0,
  0,
  0,
  0,
  0,
  0,
  0,
  0,
  0,
  0,
  0,
  0,
  19,
  0,
  0,
  0,
  0,
  0,
  0,
  0,
  0,
  0,
  0,
  0
 ]
}