{
 "solo": {
  "overall": 0.8806314978821718,
  "thirds": [
   0.8117942283563363,
   0.8866666666666667,
   0.9355555555555556
  ],
  "conflicted": 0.8218390804597702,
  "clean": 0.9485477178423236
 },
 "naive": {
  "overall": 0.725452445128995,
  "thirds": [
   0.7252195734002509,
   0.7311111111111112,
   0.72
  ],
  "conflicted": 0.6278735632183908,
  "clean": 0.8381742738589212
 },
 "adjud": {
  "overall": 0.9179822872545245,
  "thirds": [
   0.820577164366374,
   0.9377777777777778,
   0.9844444444444445
  ],
  "conflicted": 0.8915229885057471,
  "clean": 0.9485477178423236
 },
 "oracle": {
  "overall": 0.9329996149403158,
  "thirds": [
   0.8569636135508155,
   0.9455555555555556,
   0.9877777777777778
  ],
  "conflicted": 0.9195402298850575,
  "clean": 0.9485477178423236
 }
}