{
 "arms": {
  "none": {
   "acc": 0.5129,
   "mcc": 0.0,
   "brier": 0.2499
  },
  "flat": {
   "acc": 0.5038,
   "mcc": -0.0012,
   "brier": 0.2636
  },
  "gem_all": {
   "acc": 0.5083,
   "mcc": 0.032,
   "brier": 0.2497
  },
  "gem_decay": {
   "acc": 0.5089,
   "mcc": 0.0364,
   "brier": 0.2497
  }
 },
 "abstention": [
  [
   0.0,
   1.0,
   0.5088709677419355,
   0.03642727444116182
  ],
  [
   0.02,
   0.2970430107526882,
   0.5402714932126697,
   0.09964879990742884
  ],
  [
   0.04,
   0.057526881720430106,
   0.5467289719626168,
   0.09725385640296003
  ],
  [
   0.06,
   0.016935483870967744,
   0.6031746031746031,
   0.0
  ],
  [
   0.08,
   0.011559139784946236,
   0.6511627906976745,
   0.0
  ]
 ],
 "signals": {
  "mom1_up": [
   "2015-12",
   0.4919603119721595,
   6774.165508475686
  ],
  "mom5_up": [
   "2015-12",
   0.48966158607655064,
   6911.741668841504
  ],
  "big_drop_reversal": [
   "2015-12",
   0.49122939903268403,
   1691.6878602906836
  ],
  "tweet_burst": [
   "2015-12",
   0.5538604732547382,
   573.3449358543189
  ],
  "burst_bearish": [
   "2015-12",
   0.48916739542142673,
   62.90024868796378
  ],
  "tweets_bullish": [
   "2015-12",
   0.549351347665757,
   506.9715933565635
  ],
  "burst_bullish": [
   "2015-12",
   0.5593505513960075,
   357.568715474397
  ],
  "tweets_bearish": [
   "2015-12",
   0.5314960442606743,
   45.125982849976204
  ]
 },
 "traj": {
  "mom1_up": [
   [
    "2014-01",
    0.3333333333333333,
    1.0
   ],
   [
    "2014-02",
    0.3403545398421499,
    529.2092333239478
   ],
   [
    "2014-03",
    0.48690152963089367,
    1003.1435549692826
   ],
   [
    "2014-04",
    0.4913133330688717,
    1482.037356774003
   ],
   [
    "2014-05",
    0.5176445569549737,
    1962.571419241985
   ],
   [
    "2014-06",
    0.521786679622101,
    2300.4541605464156
   ],
   [
    "2014-07",
    0.5245577819638328,
    2580.053463708564
   ],
   [
    "2014-08",
    0.5048826242238105,
    2916.58628370884
   ],
   [
    "2014-09",
    0.5095138322659348,
    3183.024377308331
   ],
   [
    "2014-10",
    0.4909449561864775,
    3459.1703205923873
   ],
   [
    "2014-11",
    0.49960222611310434,
    3921.273474485899
   ],
   [
    "2014-12",
    0.5081784278294182,
    4163.970453192633
   ],
   [
    "2015-01",
    0.507945303830237,
    4460.5945767188605
   ],
   [
    "2015-02",
    0.5000236911405441,
    4778.355121615634
   ],
   [
    "2015-03",
    0.5010854799528508,
    5036.162617304382
   ],
   [
    "2015-04",
    0.4781606437112672,
    5306.803771994972
   ],
   [
    "2015-05",
    0.47954846082205244,
    5511.224152062887
   ],
   [
    "2015-06",
    0.47751234564494793,
    5662.975810870437
   ],
   [
    "2015-07",
    0.47277077434958764,
    5795.147313704308
   ],
   [
    "2015-08",
    0.485832957825058,
    6031.122842171357
   ],
   [
    "2015-09",
    0.4868645306133801,
    6140.13494801797
   ],
   [
    "2015-10",
    0.4792957790536784,
    6364.709971477869
   ],
   [
    "2015-11",
    0.4955365817612368,
    6677.16644903142
   ],
   [
    "2015-12",
    0.4919603119721595,
    6774.165508475686
   ]
  ],
  "mom5_up": [
   [
    "2014-02",
    0.3572202144151615,
    455.187859915482
   ],
   [
    "2014-03",
    0.5001286123070744,
    984.3405136599904
   ],
   [
    "2014-04",
    0.5047082483122932,
    1462.6498859721967
   ],
   [
    "2014-05",
    0.5030028563051016,
    1961.1640677322478
   ],
   [
    "2014-06",
    0.5092855931366779,
    2367.984309675646
   ],
   [
    "2014-07",
    0.5068524924585542,
    2725.7963010222416
   ],
   [
    "2014-08",
    0.4940306071607208,
    3091.422048827851
   ],
   [
    "2014-09",
    0.5147750022203108,
    3351.675079252346
   ],
   [
    "2014-10",
    0.4988298155669837,
    3602.755312873183
   ],
   [
    "2014-11",
    0.5156435854159905,
    4055.441163278791
   ],
   [
    "2014-12",
    0.5189592401257779,
    4385.966809091582
   ],
   [
    "2015-01",
    0.5115490616769108,
    4669.770753293345
   ],
   [
    "2015-02",
    0.5041175645816246,
    4895.219204470446
   ],
   [
    "2015-03",
    0.5092432239486642,
    5205.398606951669
   ],
   [
    "2015-04",
    0.4957960356766682,
    5364.262207273515
   ],
   [
    "2015-05",
    0.4949648649358141,
    5669.006915938542
   ],
   [
    "2015-06",
    0.4942108845353845,
    5804.310391561083
   ],
   [
    "2015-07",
    0.4835818033910592,
    5915.624779653242
   ],
   [
    "2015-08",
    0.48830389378155287,
    6057.1815716461215
   ],
   [
    "2015-09",
    0.4809809483665283,
    6113.924830119835
   ],
   [
    "2015-10",
    0.4802733060671635,
    6360.476149131882
   ],
   [
    "2015-11",
    0.49660707888693234,
    6843.516751905331
   ],
   [
    "2015-12",
    0.48966158607655064,
    6911.741668841504
   ]
  ],
  "big_drop_reversal": [
   [
    "2014-02",
    0.4955685227683984,
    151.1388720441833
   ],
   [
    "2014-03",
    0.5400255891016112,
    233.96275251536736
   ],
   [
    "2014-04",
    0.5494224516834106,
    312.42659393317575
   ],
   [
    "2014-05",
    0.4970350043796262,
    400.4859103439941
   ],
   [
    "2014-06",
    0.5107790413979055,
    441.39053839637444
   ],
   [
    "2014-07",
    0.5131354452498511,
    446.39246299113563
   ],
   [
    "2014-08",
    0.5106992412298259,
    507.22698318023765
   ],
   [
    "2014-09",
    0.5195255966908136,
    537.9733519454201
   ],
   [
    "2014-10",
    0.5346531846280644,
    598.6979765431479
   ],
   [
    "2014-11",
    0.5326812877695566,
    762.6351340889274
   ],
   [
    "2014-12",
    0.5339090115794358,
    776.4761047737003
   ],
   [
    "2015-01",
    0.5152319313831986,
    891.2952712932508
   ],
   [
    "2015-02",
    0.5067356506440148,
    1005.0213616052702
   ],
   [
    "2015-03",
    0.5201844638123685,
    1062.638892078744
   ],
   [
    "2015-04",
    0.5268332088748098,
    1139.2996659506339
   ],
   [
    "2015-05",
    0.5303635502646469,
    1135.38505946051
   ],
   [
    "2015-06",
    0.5312257518720832,
    1159.8172653579802
   ],
   [
    "2015-07",
    0.518983925569049,
    1179.3118790817043
   ],
   [
    "2015-08",
    0.5123243906690754,
    1223.869752454184
   ],
   [
    "2015-09",
    0.4556515129569801,
    1443.9849264403997
   ],
   [
    "2015-10",
    0.48710902455047,
    1658.7767210198795
   ],
   [
    "2015-11",
    0.4898075059814984,
    1654.9315333961674
   ],
   [
    "2015-12",
    0.49122939903268403,
    1691.6878602906836
   ]
  ],