{
 "mechanical dossiers": [
  0.48333333333333334,
  -0.2817180849095055
 ],
 "LLM cold (features only)": [
  0.5166666666666667,
  0.033806170189140665
 ],
 "LLM + dossier memory": [
  0.48333333333333334,
  -0.2817180849095055
 ]
}