{
 "argmax_belief": 0.5428333333333333,
 "random": 0.5367500000000001,
 "ev_optimal": 0.6236666666666667
}