{
 "S0": {
  "belief": {
   "P1": 0.3,
   "P2": 0.24,
   "P3": 0.3,
   "P4": 0.16
  },
  "evs": {
   "P1": 0.48,
   "P2": 0.6,
   "P3": 0.48,
   "P4": 0.52
  },
  "myopic": "P1",
  "best": "P2",
  "trap": true
 },
 "S1": {
  "belief": {
   "P1": 0.09,
   "P2": 0.28,
   "P3": 0.27,
   "P4": 0.36
  },
  "evs": {
   "P1": 0.306,
   "P2": 0.496,
   "P3": 0.654,
   "P4": 0.528
  },
  "myopic": "P4",
  "best": "P3",
  "trap": true
 },
 "S2": {
  "belief": {
   "P1": 0.26,
   "P2": 0.27,
   "P3": 0.35,
   "P4": 0.12
  },
  "evs": {
   "P1": 0.632,
   "P2": 0.48,
   "P3": 0.512,
   "P4": 0.492
  },
  "myopic": "P3",
  "best": "P1",
  "trap": true
 },
 "S3": {
  "belief": {
   "P1": 0.19,
   "P2": 0.26,
   "P3": 0.26,
   "P4": 0.29
  },
  "evs": {
   "P1": 0.364,
   "P2": 0.434,
   "P3": 0.59,
   "P4": 0.44599999999999995
  },
  "myopic": "P4",
  "best": "P3",
  "trap": true
 },
 "S4": {
  "belief": {
   "P1": 0.24,
   "P2": 0.31,
   "P3": 0.19,
   "P4": 0.26
  },
  "evs": {
   "P1": 0.582,
   "P2": 0.46599999999999997,
   "P3": 0.532,
   "P4": 0.446
  },
  "myopic": "P2",
  "best": "P1",
  "trap": true
 },
 "S5": {
  "belief": {
   "P1": 0.24,
   "P2": 0.25,
   "P3": 0.34,
   "P4": 0.17
  },
  "evs": {
   "P1": 0.594,
   "P2": 0.454,
   "P3": 0.49,
   "P4": 0.524
  },
  "myopic": "P3",
  "best": "P1",
  "trap": true
 },
 "S6": {
  "belief": {
   "P1": 0.26,
   "P2": 0.24,
   "P3": 0.28,
   "P4": 0.22
  },
  "evs": {
   "P1": 0.42800000000000005,
   "P2": 0.5640000000000001,
   "P3": 0.43600000000000005,
   "P4": 0.544
  },
  "myopic": "P3",
  "best": "P2",
  "trap": true
 },
 "S7": {
  "belief": {
   "P1": 0.34,
   "P2": 0.15,
   "P3": 0.22,
   "P4": 0.29
  },
  "evs": {
   "P1": 0.514,
   "P2": 0.528,
   "P3": 0.598,
   "P4": 0.626
  },
  "myopic": "P1",
  "best": "P4",
  "trap": true
 },
 "S8": {
  "belief": {
   "P1": 0.34,
   "P2": 0.31,
   "P3": 0.2,
   "P4": 0.15
  },
  "evs": {
   "P1": 0.646,
   "P2": 0.634,
   "P3": 0.5900000000000001,
   "P4": 0.54
  },
  "myopic": "P1",
  "best": "P1",
  "trap": false
 },
 "S9": {
  "belief": {
   "P1": 0.13,
   "P2": 0.37,
   "P3": 0.34,
   "P4": 0.16
  },
  "evs": {
   "P1": 0.556,
   "P2": 0.67,
   "P3": 0.658,
   "P4": 0.382
  },
  "myopic": "P2",
  "best": "P2",
  "trap": false
 },
 "S10": {
  "belief": {
   "P1": 0.41,
   "P2": 0.4,
   "P3": 0.09,
   "P4": 0.1
  },
  "evs": {
   "P1": 0.71,
   "P2": 0.706,
   "P3": 0.576,
   "P4": 0.586
  },
  "myopic": "P1",
  "best": "P1",
  "trap": false
 },
 "S11": {
  "belief": {
   "P1": 0.18,
   "P2": 0.29,
   "P3": 0.22,
   "P4": 0.31
  },
  "evs": {
   "P1": 0.54,
   "P2": 0.608,
   "P3": 0.406,
   "P4": 0.616
  },
  "myopic": "P4",
  "best": "P4",
  "trap": false
 }
}